status	http	url	resolved_to
DEAD	404	http://arxiv.org/ftp/arxiv/papers/1003/1003.5893.pdf	http://arxiv.org/ftp/arxiv/papers/1003/1003.5893.pdf
DEAD	404	http://cap.dotnetcore.xyz/user-guide/en/transports/general	https://cap.dotnetcore.xyz/user-guide/en/transports/general
DEAD	404	http://doc.akka.io/docs/akka/snapshot/scala/remoting.html	https://doc.akka.io/libraries/akka/snapshot/remoting.html?language=scala
DEAD	404	http://example.com/payment/123	http://example.com/payment/123
DEAD	404	http://example.com/payment/cancel	http://example.com/payment/cancel
DEAD	404	http://example.org/pic.png	http://example.org/pic.png
DEAD	404	https://bitbucket.org/repo/7XoEpd/images/313561612-classful_networks.jpg	https://bitbucket.org/repo/7XoEpd/images/313561612-classful_networks.jpg
DEAD	404	https://bitbucket.org/repo/7XoEpd/images/460685639-vlan_switch.gif	https://bitbucket.org/repo/7XoEpd/images/460685639-vlan_switch.gif
DEAD	404	https://codereviewvideos.com/course/ansible-tutorial/video/ansible-handlers	https://codereviewvideos.com/course/ansible-tutorial/video/ansible-handlers
DEAD	404	https://docs.microsoft.com/en-us/previous-versions/bb402954(v=msdn.10	https://learn.microsoft.com/en-us/previous-versions/bb402954(v=msdn.10
DEAD	404	https://engineering.linkedin.com/distributed-systems/log-what-every-software-engineer-should-know-about-real-time-datas-unifying	https://engineering.linkedin.com/distributed-systems/log-what-every-software-engineer-should-know-about-real-time-datas-unifying
DEAD	404	https://example.org/pic.png	https://example.org/pic.png
DEAD	404	https://github.com/bkimminich/juice-shop	https://github.com/bkimminich/juice-shop
DEAD	404	https://masstransit-project.com/usage/transports	https://masstransit.massient.com/usage/transports
DEAD	404	https://owasp.org/www-project-application-security-verification-standard/	https://owasp.org/projects/application-security-verification-standard
DEAD	404	https://owasp.org/www-project-secure-headers/#tab=Headers	https://owasp.org/projects/secure-headers
DEAD	404	https://towardsdatascience.com/elasticsearch-for-data-science-just-got-way-easier-95912d724636	https://towardsdatascience.com/elasticsearch-for-data-science-just-got-way-easier-95912d724636/
DEAD	404	https://towardsdatascience.com/how-to-train-machine-learning-models-in-the-cloud-using-cloud-ml-engine-3f0d935294b3	https://towardsdatascience.com/how-to-train-machine-learning-models-in-the-cloud-using-cloud-ml-engine-3f0d935294b3/
DEAD	404	https://towardsdatascience.com/multiple-linear-regression-with-math-and-code-c1052f3c7446	https://towardsdatascience.com/multiple-linear-regression-with-math-and-code-c1052f3c7446/
DEAD	404	https://vitobotta.com/2020/03/20/haproxy-kubernetes-hetzner-cloud	https://vitobotta.com/2020/03/20/haproxy-kubernetes-hetzner-cloud
DEAD	404	https://webmasters.googleblog.com/2010/04/using-site-speed-in-web-search-ranking.html	https://webmasters.googleblog.com/2010/04/using-site-speed-in-web-search-ranking.html
DEAD	404	https://www.alvestrand.no/objectid/submissions/2.23.140.1.2.1.html	https://www.alvestrand.no/objectid/submissions/2.23.140.1.2.1.html
DEAD	404	https://www.analytics.today/blog/snowflake-vs-hadoop	https://www.analytics.today/blog/snowflake-vs-hadoop
DEAD	404	https://www.lanner-america.com/blog/waf-vs-ips-whats-difference/	https://www.lanner-america.com/blog/waf-vs-ips-whats-difference
DEAD	404	https://www.leanix.net/en/wiki/vsm/flow-metrics#introduction	https://www.leanix.net/en/wiki/vsm/flow-metrics#introduction
DEAD	404	https://www.owasp.org/index.php/Cross-Site_Request_Forgery_(CSRF	https://owasp.org/index.php/Cross-Site_Request_Forgery_(CSRF
DEAD	404	https://www.owasp.org/index.php/OWASP_Top_Ten_Cheat_Sheet	https://owasp.org/index.php/OWASP_Top_Ten_Cheat_Sheet
DEAD	404	https://www.owasp.org/index.php/Web_Application_Firewall	https://owasp.org/index.php/Web_Application_Firewall
DEAD	404	https://www.owasp.org/index.php/XSS_Filter_Evasion_Cheat_Sheet	https://owasp.org/index.php/XSS_Filter_Evasion_Cheat_Sheet
DEAD	404	https://www.tutorialworks.com/devops-metrics/	https://www.tutorialworks.com/devops/metrics/
DEAD	410	https://dzone.com/articles/build-and-deploy-scalable-machine-learning-in-prod	https://dzone.com/articles/build-and-deploy-scalable-machine-learning-in-prod
ERR	000	http://www-db.cs.wisc.edu/cidr/cidr2007/papers/cidr07p15.pdf	http://www-db.cs.wisc.edu/cidr/cidr2007/papers/cidr07p15.pdf
ERR	000	http://www.usingcsp.com/cspbook.pdf	http://www.usingcsp.com/cspbook.pdf
ERR	000	http://www.webperformancetoday.com/2010/12/14/the-quest-for-the-holy-grail-of-website-speed-2-second-page-load-times/	http://www.webperformancetoday.com/2010/12/14/the-quest-for-the-holy-grail-of-website-speed-2-second-page-load-times/
ERR	000	https://blog.bernd-ruecker.com/what-are-long-running-processes-b3ee769f0a27	https://blog.bernd-ruecker.com/what-are-long-running-processes-b3ee769f0a27
ERR	000	https://blog.envoyproxy.io/service-mesh-data-plane-vs-control-plane-2774e720f7fc	https://blog.envoyproxy.io/service-mesh-data-plane-vs-control-plane-2774e720f7fc
ERR	000	https://blog.sqreen.com/reflected-xss/	https://blog.sqreen.com/reflected-xss/
ERR	000	https://constantrenewal.com/steel-man	https://constantrenewal.com/steel-man
ERR	000	https://dataform.co	https://dataform.co/
ERR	000	https://dataform.co/etl-vs-elt	https://dataform.co/etl-vs-elt
ERR	000	https://promcat.io/	https://promcat.io/
ERR	000	https://techbeacon.com/enterprise-it/5-open-source-apm-tools-compared	https://techbeacon.com/enterprise-it/5-open-source-apm-tools-compared
MOVED	200	http://captricity.com/	https://www.blueprism.com/products/document-automation/
MOVED	200	http://cps.letsencrypt.org	https://letsencrypt.org/documents/isrg-cp-cps-v6.2/
MOVED	200	http://hakunin.com/six-ansible-practices	https://max.engineer/six-ansible-practices
MOVED	200	http://static.googleusercontent.com/media/www.google.com/en//webmasters/docs/search-engine-optimization-starter-guide.pdf	https://developers.google.com/search/docs/fundamentals/seo-starter-guide?hl=en&visit_id=639251135793410327-1618209288&rd=1
MOVED	200	http://streamdata.io/blog/add-compression-server-sent-events-undertow	https://blog.axway.com/product-insights/amplify-platform/streams/add-compression-server-sent-events-undertow
MOVED	200	http://streamdata.io/blog/benchmark-server-sent-events-versus-polling/	https://blog.axway.com/learning-center/apis/api-streaming
MOVED	200	https://aka.ms/InstallAzureCLIDeb	https://azurecliprod.blob.core.windows.net/$root/deb_install.sh
MOVED	200	https://amplify.nginx.com	https://blog.nginx.org/blog/nginx-amplify-endoflife
MOVED	200	https://api.slack.com/web	https://docs.slack.dev/apis/web-api/
MOVED	200	https://apis.google.com	https://developers.google.com/
MOVED	200	https://blog.apisyouwonthate.com/	https://apisyouwonthate.com/
MOVED	200	https://blog.awsfundamentals.com/aws-sns-vs-sqs-what-are-the-main-differences	https://awsfundamentals.com/blog/aws-sns-vs-sqs-what-are-the-main-differences
MOVED	200	https://blog.blackswanltd.com/the-edge/7-negotiation-techniques-for-introverts	https://www.blackswanltd.com/newsletter/7-negotiation-techniques-for-introverts
MOVED	200	https://blog.kissmetrics.com/loading-time/	https://neilpatel.com/blog/
MOVED	200	https://blog.sessionstack.com/how-javascript-works-event-loop-and-the-rise-of-async-programming-5-ways-to-better-coding-with-2f077c4438b5	https://www.playbookux.com/
MOVED	200	https://certbot.eff.org/docs/intro.html	https://eff-certbot.readthedocs.io/en/latest/intro.html
MOVED	200	https://certbot.eff.org/docs/what.html	https://eff-certbot.readthedocs.io/en/latest/what.html
MOVED	200	https://cloud.google.com/knative/	https://knative.dev/docs/
MOVED	200	https://confluence.atlassian.com/bitbucket/language-guides-856821477.html	https://support.atlassian.com/bitbucket-cloud/docs/use-pipelines-in-different-software-languages/
MOVED	200	https://coreos.com/blog/introducing-operators.html	https://www.redhat.com/en/blog/introducing-operators-putting-operational-knowledge-into-software
MOVED	200	https://cve.mitre.org/	https://www.cve.org/Resources/Media/Archives/OldWebsite/index.html
MOVED	200	https://developers.google.com/protocol-buffers/docs/overview	https://protobuf.dev/overview/
MOVED	200	https://developers.virustotal.com/v3.0/reference#overview	https://docs.virustotal.com:443/reference/overview
MOVED	200	https://docs.cloudera.com/HDPDocuments/HDF3/HDF-3.4.0/hdf-overview/content/overview.html	https://docs-archive.cloudera.com/HDPDocuments/HDF3/HDF-3.4.0/hdf-overview/content/overview.html
MOVED	200	https://docs.microsoft.com/en-gb/aspnet/signalr/overview/getting-started/introduction-to-signalr	https://learn.microsoft.com/en-gb/aspnet/signalr/overview/getting-started/introduction-to-signalr
MOVED	200	https://docs.microsoft.com/en-gb/microsoft-365/compliance/offering-home?view=o365-worldwide	https://learn.microsoft.com/en-gb/compliance/regulatory/offering-home?view=o365-worldwide
MOVED	200	https://docs.microsoft.com/en-in/azure/active-directory/fundamentals/active-directory-how-subscriptions-associated-directory	https://learn.microsoft.com/en-in/entra/fundamentals/how-subscriptions-associated-directory
MOVED	200	https://docs.microsoft.com/en-in/azure/azure-functions/functions-scale#consumption-plan	https://learn.microsoft.com/en-in/azure/azure-functions/functions-scale
MOVED	200	https://docs.microsoft.com/en-in/cli/azure/functionapp/config/appsettings?view=azure-cli-latest#az-functionapp-config-appsettings-set	https://learn.microsoft.com/en-in/cli/azure/functionapp/config/appsettings?view=azure-cli-latest
MOVED	200	https://docs.microsoft.com/en-us/aspnet/core/grpc/interprocess?view=aspnetcore-5.0	https://learn.microsoft.com/en-us/aspnet/core/grpc/interprocess?view=aspnetcore-5.0
MOVED	200	https://docs.microsoft.com/en-us/aspnet/core/grpc/performance?view=aspnetcore-5.0#load-balancing	https://learn.microsoft.com/en-us/aspnet/core/grpc/performance?view=aspnetcore-5.0
MOVED	200	https://docs.microsoft.com/en-us/aspnet/core/signalr/scale?view=aspnetcore-5.0#azure-signalr-service	https://learn.microsoft.com/en-us/aspnet/core/signalr/scale?view=aspnetcore-5.0
MOVED	200	https://docs.microsoft.com/en-us/azure/active-directory/develop/app-objects-and-service-principals	https://learn.microsoft.com/en-us/entra/identity-platform/app-objects-and-service-principals
MOVED	200	https://docs.microsoft.com/en-us/azure/aks/configure-kubenet	https://learn.microsoft.com/en-us/azure/aks/configure-kubenet
MOVED	200	https://docs.microsoft.com/en-us/azure/architecture/data-guide/big-data/	https://learn.microsoft.com/en-us/azure/architecture/databases/guide/big-data-architectures
MOVED	200	https://docs.microsoft.com/en-us/azure/azure-monitor/app/distributed-tracing	https://learn.microsoft.com/en-us/azure/azure-monitor/app/app-map
MOVED	200	https://docs.microsoft.com/en-us/azure/azure-monitor/app/distributed-tracing#enable-via-opencensus	https://learn.microsoft.com/en-us/azure/azure-monitor/app/app-map
MOVED	200	https://docs.microsoft.com/en-us/azure/devops/marketplace/get-tfs-extensions?view=azure-devops-2019	https://learn.microsoft.com/en-us/previous-versions/azure/devops/marketplace/install-extension?view=azure-devops-2019
MOVED	200	https://docs.microsoft.com/en-us/azure/devops/marketplace/uninstall-disable-extensions?view=azure-devops&tabs=browser	https://learn.microsoft.com/en-us/azure/devops/marketplace/install-extension?view=azure-devops&tabs=browser#uninstall-disable-extension
MOVED	200	https://docs.microsoft.com/en-us/azure/devops/pipelines/process/phases?view=azure-devops&tabs=yaml	https://learn.microsoft.com/en-us/azure/devops/pipelines/process/phases?view=azure-devops&tabs=yaml
MOVED	200	https://docs.microsoft.com/en-us/azure/devops/pipelines/process/tasks?view=azure-devops&tabs=yaml	https://learn.microsoft.com/en-us/azure/devops/pipelines/process/tasks?view=azure-devops&tabs=yaml
MOVED	200	https://docs.microsoft.com/en-us/azure/devops/pipelines/process/tasks?view=azure-devops&tabs=yaml#custom-tasks	https://learn.microsoft.com/en-us/azure/devops/pipelines/process/tasks?view=azure-devops&tabs=yaml
MOVED	200	https://docs.microsoft.com/en-us/azure/role-based-access-control/transfer-subscription#understand-the-impact-of-transferring-a-subscription	https://learn.microsoft.com/en-us/azure/role-based-access-control/transfer-subscription
MOVED	200	https://docs.microsoft.com/en-us/azure/security/azure-isolation	https://learn.microsoft.com/en-us/azure/security/fundamentals/isolation-choices
MOVED	200	https://docs.microsoft.com/en-us/azure/sql-database/sql-database-firewall-configure#manage-server-level-ip-firewall-rules-using-azure-cli	https://learn.microsoft.com/en-us/azure/azure-sql/database/firewall-configure?view=azuresql
MOVED	200	https://docs.microsoft.com/en-us/azure/sql-database/sql-database-firewall-configure#recommendation	https://learn.microsoft.com/en-us/azure/azure-sql/database/firewall-configure?view=azuresql
MOVED	200	https://docs.microsoft.com/en-us/azure/virtual-network/virtual-network-service-endpoints-overview	https://learn.microsoft.com/en-us/azure/virtual-network/virtual-network-service-endpoints-overview
MOVED	200	https://docs.microsoft.com/en-us/cli/azure/ad/sp?view=azure-cli-latest#az-ad-sp-create-for-rbac	https://learn.microsoft.com/en-us/cli/azure/ad/sp?view=azure-cli-latest
MOVED	200	https://docs.microsoft.com/en-us/dotnet/core/additional-tools/self-signed-certificates-guide#with-powershell	https://learn.microsoft.com/en-us/dotnet/core/additional-tools/self-signed-certificates-guide
MOVED	200	https://docs.microsoft.com/en-us/dotnet/standard/io/memory-mapped-files	https://learn.microsoft.com/en-us/dotnet/standard/io/memory-mapped-files
MOVED	200	https://docs.microsoft.com/en-us/nuget/tools/nuget-exe-cli-reference	https://learn.microsoft.com/en-us/nuget/reference/nuget-exe-cli-reference
MOVED	200	https://docs.microsoft.com/en-us/powershell/scripting/install/installing-powershell-core-on-linux?view=powershell-7#ubuntu-1804	https://learn.microsoft.com/en-us/powershell/scripting/install/linux-overview?view=powershell-7.6&viewFallbackFrom=powershell-7
MOVED	200	https://docs.microsoft.com/en-us/windows/win32/ipc/interprocess-communications#using-pipes-for-ipc	https://learn.microsoft.com/en-us/windows/win32/ipc/interprocess-communications
MOVED	200	https://docs.microsoft.com/en-us/windows/win32/ipc/named-pipe-security-and-access-rights	https://learn.microsoft.com/en-us/windows/win32/ipc/named-pipe-security-and-access-rights
MOVED	200	https://docs.microsoft.com/en-us/windows/win32/secauthn/secure-channel	https://learn.microsoft.com/en-us/windows/win32/secauthn/secure-channel
MOVED	200	https://git.k8s.io/ingress-nginx/README.md	https://github.com/kubernetes/ingress-nginx/blob/main/README.md
MOVED	200	https://learn.hashicorp.com/consul/	https://developer.hashicorp.com/consul/tutorials
MOVED	200	https://learn.hashicorp.com/tutorials/terraform/infrastructure-as-code?in=terraform/aws-get-started	https://developer.hashicorp.com/terraform/tutorials/aws-get-started/infrastructure-as-code?in=terraform%2Faws-get-started
MOVED	200	https://manage.opscode.com/	https://manage.chef.io/login
MOVED	200	https://msdn.microsoft.com/en-us/library/ms229014(v=vs.80	https://learn.microsoft.com/en-us/
MOVED	200	https://observatory.mozilla.org	https://developer.mozilla.org/en-US/observatory
MOVED	200	https://openpress.usask.ca/introductiontopsychology/chapter/personality-traits	https://www.saskoer.ca/introductiontopsychology/chapter/personality-traits/
MOVED	200	https://owasp.org/www-community/Source_Code_Analysis_Tools	https://community.owasp.org/Source_Code_Analysis_Tools
MOVED	200	https://research.google.com/pubs/pub36356.html	https://research.google/pubs/dapper-a-large-scale-distributed-systems-tracing-infrastructure/
MOVED	200	https://searchcloudsecurity.techtarget.com/definition/CAIQ-Consensus-Assessments-Initiative-Questionnaire	https://www.techtarget.com/it-infrastructure/definition/CAIQ-Consensus-Assessments-Initiative-Questionnaire
MOVED	200	https://searchcloudsecurity.techtarget.com/definition/Cloud-Security-Alliance-CSA	https://www.techtarget.com/cybersecurity/definition/Cloud-Security-Alliance-CSA
MOVED	200	https://streamdata.io	https://www.axway.com/en
MOVED	200	https://streamdata.io/blog/push-sse-vs-websockets/	https://blog.axway.com/learning-center/apis/api-streaming
MOVED	200	https://terragrunt.gruntwork.io/docs/reference/built-in-functions/#find_in_parent_folders	https://docs.terragrunt.com/reference/hcl/functions/
MOVED	200	https://tools.ietf.org/html/rfc5789	https://datatracker.ietf.org/doc/html/rfc5789
MOVED	200	https://twitter.com/kosamari/status/859958929484337152?lang=en	https://x.com/kosamari/status/859958929484337152?lang=en
MOVED	200	https://twitter.com/wdmorrisjr/status/1482718036758917122	https://x.com/wdmorrisjr/status/1482718036758917122
MOVED	200	https://www.appdynamics.com/	https://www.splunk.com/en_us/appdynamics-joins-splunk.html?301=appdynamics
MOVED	200	https://www.catchpoint.com/observability-vs-monitoring	https://www.logicmonitor.com/deep-dive/observability-vs-monitoring/introduction
MOVED	200	https://www.crowdstrike.co.uk/endpoint-security-products/crowdstrike-falcon-faq/#:~:text=CrowdStrike%20is%20the%20pioneer%20of,via%20a%20single%20lightweight%20agent	https://www.crowdstrike.com/en-gb/products/faq/
MOVED	200	https://www.getambassador.io/	https://landing.gravitee.io/gravitee-edge-stack-unified-api-visibility-and-governance
MOVED	200	https://www.netsparker.com/vulnerability-scanner-comparison/netsparker-vs-burp-suite/#	https://www.invicti.com/vulnerability-scanner-comparison/invicti-vs-burp-suite
MOVED	200	https://www.nginx.com/blog/7-tips-for-faster-http2-performance/	https://www.f5.com/products/nginx
MOVED	200	https://www.nginx.com/blog/building-microservices-using-an-api-gateway	https://www.f5.com/products/nginx
MOVED	200	https://www.nginx.com/blog/compiling-and-installing-modsecurity-for-open-source-nginx/	https://blog.nginx.org/blog/compiling-and-installing-modsecurity-for-open-source-nginx
MOVED	200	https://www.nginx.com/blog/do-i-need-a-service-mesh/	https://www.f5.com/company/blog/pillar/nginx
MOVED	200	https://www.nginx.com/blog/introducing-the-nginx-microservices-reference-architecture	https://www.f5.com/products/nginx
MOVED	200	https://www.nginx.com/blog/microservices-api-gateways-part-1-why-an-api-gateway	https://www.f5.com/products/nginx
MOVED	200	https://www.nginx.com/blog/nginx-and-haproxy-testing-user-experience-in-the-cloud	https://www.f5.com/products/nginx
MOVED	200	https://www.nginx.com/blog/refactoring-a-monolith-into-microservices/	https://www.f5.com/products/nginx
MOVED	200	https://www.nginx.com/blog/websocket-nginx/	https://www.f5.com/products/nginx
MOVED	200	https://www.nginx.com/products/nginx-app-protect/	https://www.f5.com/products/nginx/f5-waf-for-nginx
MOVED	200	https://www.nginx.com/resources/glossary/round-robin-load-balancing/	https://www.f5.com/products/nginx
MOVED	200	https://www.terraform.io/docs/backends/index.html	https://developer.hashicorp.com/terraform/language/backend
MOVED	200	https://www.terraform.io/docs/modules/index.html#module-structure	https://developer.hashicorp.com/terraform/language/modules/develop
MOVED	200	https://www.terraform.io/docs/provisioners/index.html	https://developer.hashicorp.com/terraform/language/provisioners
MOVED	200	https://www.theregister.co.uk/2019/10/02/google_knative_will_not_be_donated_to_any_foundation/	https://www.theregister.com/off-prem/2019/10/02/google-will-not-donate-knative-framework-to-any-foundation-for-the-foreseeable-future/327095
MOVED	200	https://www.visualstudio.com/team-services/pricing/	https://azure.microsoft.com/en-us/pricing/details/devops/azure-devops-services/
MOVED	203	https://dev.azure.com/hemantk/_apis/distributedtask/yamlschema?api-version=5.1	https://spsprodeus21.vssps.visualstudio.com/_signin?realm=dev.azure.com&reply_to=https%3A%2F%2Fdev.azure.com%2Fhemantk%2F_apis%2Fdistributedtask%2Fyamlschema%3Fapi-version%3D5.1&redirect=1&protocol=entra.web.2&hid=52f1659d-157d-4dc6-85fb-e47a512f2a0e&context=eyJodCI6MiwiaGlkIjoiNGQ3ZjYyOTEtYWFiNy00MmNhLTg5NzgtYzg0ZDU3M2RkMWQzIiwicXMiOnt9LCJyciI6IiIsInZoIjoiIiwiY3YiOiIiLCJjcyI6IiJ90&lltid=d291b74b-8243-45a1-b058-065c42a886d9#ctx=eyJTaWduSW5Db29raWVEb21haW5zIjpbImh0dHBzOi8vbG9naW4ubWljcm9zb2Z0b25saW5lLmNvbSIsImh0dHBzOi8vbG9naW4ubWljcm9zb2Z0b25saW5lLmNvbSJdfQ2
OK	200	http://blog.jonathanoliver.com/cqrs-sagas-with-event-sourcing-part-i-of-ii/	https://blog.jonathanoliver.com/cqrs-sagas-with-event-sourcing-part-i-of-ii/
OK	200	http://blog.jonathanoliver.com/how-i-avoid-two-phase-commit/	https://blog.jonathanoliver.com/how-i-avoid-two-phase-commit/
OK	200	http://blog.jonathanoliver.com/idempotency-patterns/	https://blog.jonathanoliver.com/idempotency-patterns/
OK	200	http://blog.ploeh.dk/2015/01/19/from-primitive-obsession-to-domain-modelling/	https://blog.ploeh.dk/2015/01/19/from-primitive-obsession-to-domain-modelling/
OK	200	http://cap.dotnetcore.xyz/user-guide/en/cap/idempotence/	https://cap.dotnetcore.xyz/user-guide/en/cap/idempotence/
OK	200	http://cbonte.github.io/haproxy-dconv/2.0/configuration.html#5.2-agent-check	http://cbonte.github.io/haproxy-dconv/2.0/configuration.html#5.2-agent-check
OK	200	http://cs.brown.edu/people/slewando/files/IPCWinNTUNIX.pdf	https://cs.brown.edu/people/slewando/files/IPCWinNTUNIX.pdf
OK	200	http://dareid.github.io/chakram/	http://dareid.github.io/chakram/
OK	200	http://doc.akka.io/docs/akka/2.0.1/	https://doc.akka.io/libraries/akka-core/2.0.5/
OK	200	http://docs.ansible.com/ansible/devel/user_guide/intro_inventory.html	https://docs.ansible.com/projects/ansible/devel/user_guide/intro_inventory.html
OK	200	http://docs.ansible.com/ansible/latest/user_guide/playbooks_variables.html#magic-variables-and-how-to-access-information-about-other-hosts	https://docs.ansible.com/projects/ansible/latest/user_guide/playbooks_variables.html
OK	200	http://docs.hangfire.io/en/latest/index.html#requirements	https://docs.hangfire.io/en/latest/index.html
OK	200	http://docs.topshelf-project.com/en/latest/overview/faq.html	http://docs.topshelf-project.com/en/latest/overview/faq.html
OK	200	http://example.com/	http://example.com/
OK	200	http://jmespath.org/	https://jmespath.org/
OK	200	http://jsonapi.org/	https://jsonapi.org/
OK	200	http://kth.diva-portal.org/smash/get/diva2:813137/FULLTEXT01.pdf	https://kth.diva-portal.org/smash/get/diva2:813137/FULLTEXT01.pdf
OK	200	http://udidahan.com/2009/04/20/saga-persistence-and-event-driven-architectures/	https://udidahan.com/2009/04/20/saga-persistence-and-event-driven-architectures/
OK	200	http://web.archive.org/web/20070711123800/http://csrc.nist.gov/CryptoToolkit/aes/rijndael/Rijndael-ammended.pdf	http://web.archive.org/web/20070711123800/http://csrc.nist.gov/CryptoToolkit/aes/rijndael/Rijndael-ammended.pdf
OK	200	http://wiki.c2.com/?ActorsModel	http://wiki.c2.com/?ActorsModel
OK	200	http://www.aosabook.org/en/nginx.html	https://aosabook.org/en/nginx.html
OK	200	http://www.cs.jhu.edu/~joanne/unix.html	https://www.cs.jhu.edu/~joanne/unix.html
OK	200	http://www.differencebetween.net/technology/difference-between-virtual-private-gateway-and-transit-gateway/	https://www.differencebetween.net/technology/difference-between-virtual-private-gateway-and-transit-gateway/
OK	200	http://www.enterpriseintegrationpatterns.com/patterns/messaging/	https://www.enterpriseintegrationpatterns.com/patterns/messaging/
OK	200	http://www.enterpriseintegrationpatterns.com/patterns/messaging/toc.html	https://www.enterpriseintegrationpatterns.com/patterns/messaging/toc.html
OK	200	http://www.jasinskionline.com/technicalwiki/%28X%281%29S%28fdjqoj45vcgk5z225tt5qaey%29%29/Print.aspx?Page=Requesting-an-SSL-Certificate-for-Multiple-Domains	http://www.jasinskionline.com/technicalwiki/%28X%281%29S%28fdjqoj45vcgk5z225tt5qaey%29%29/Print.aspx?Page=Requesting-an-SSL-Certificate-for-Multiple-Domains
OK	200	http://www.minaandrawos.com/2015/12/06/concurrency-in-golang/	https://www.minaandrawos.com/2015/12/06/concurrency-in-golang/
OK	200	http://www.tldp.org/HOWTO/LVM-HOWTO/extendlv.html	https://tldp.org/HOWTO/LVM-HOWTO/extendlv.html
OK	200	http://www.tldp.org/LDP/abs/html/io-redirection.html	https://tldp.org/LDP/abs/html/io-redirection.html
OK	200	http://www.troyhunt.com/2016/03/understanding-csrf-video-tutorial.html	https://www.troyhunt.com/understanding-csrf-video-tutorial/
OK	200	http://zipkin.io/pages/architecture.html	https://zipkin.io/pages/architecture.html
OK	200	https://ably.com/topic/websockets-vs-http	https://ably.com/topic/websockets-vs-http
OK	200	https://access.redhat.com/articles/1190213	https://access.redhat.com/articles/1190213
OK	200	https://any.run/	https://any.run/
OK	200	https://auth0.com/blog/how-secure-are-encryption-hashing-encoding-and-obfuscation/	https://auth0.com/blog/how-secure-are-encryption-hashing-encoding-and-obfuscation/
OK	200	https://aws.amazon.com/amazon-linux-2/	https://aws.amazon.com/amazon-linux-2/
OK	200	https://aws.amazon.com/blogs/compute/introducing-amazon-api-gateway-private-endpoints/	https://aws.amazon.com/blogs/compute/introducing-amazon-api-gateway-private-endpoints/
OK	200	https://aws.amazon.com/blogs/containers/saving-money-pod-at-time-with-eks-fargate-and-aws-compute-savings-plans/	https://aws.amazon.com/blogs/containers/saving-money-pod-at-time-with-eks-fargate-and-aws-compute-savings-plans/
OK	200	https://aws.amazon.com/blogs/mt/automate-capture-analysis-ci-cd-metrics-using-aws-devops-monitoring-dashboard-solution/	https://aws.amazon.com/blogs/mt/automate-capture-analysis-ci-cd-metrics-using-aws-devops-monitoring-dashboard-solution/
OK	200	https://aws.amazon.com/blogs/opensource/building-a-reliable-metrics-pipeline-with-the-opentelemetry-collector-for-aws-managed-service-for-prometheus/	https://aws.amazon.com/blogs/opensource/building-a-reliable-metrics-pipeline-with-the-opentelemetry-collector-for-aws-managed-service-for-prometheus/
OK	200	https://aws.amazon.com/products/security/?nc=sn&loc=2	https://aws.amazon.com/products/security/?nc=sn&loc=2
OK	200	https://blog.logrocket.com/understanding-sharedarraybuffer-and-cross-origin-isolation/	https://blog.logrocket.com/understanding-sharedarraybuffer-and-cross-origin-isolation/
OK	200	https://blog.virustotal.com/2021/05/compliant-easy-and-actionable.html	https://blog.virustotal.com/2021/05/compliant-easy-and-actionable.html
OK	200	https://caniuse.com/http2	https://caniuse.com/http2
OK	200	https://cheatsheetseries.owasp.org/cheatsheets/Threat_Modeling_Cheat_Sheet.html	https://cheatsheetseries.owasp.org/cheatsheets/Threat_Modeling_Cheat_Sheet.html
OK	200	https://cloud.elastic.co/	https://cloud.elastic.co/
OK	200	https://cloudsecurityalliance.org/blog/2020/10/16/what-is-the-cloud-controls-matrix-ccm/	https://cloudsecurityalliance.org/blog/2020/10/16/what-is-the-cloud-controls-matrix-ccm/
OK	200	https://cloudsecurityalliance.org/star	https://cloudsecurityalliance.org/star
OK	200	https://cloudsecurityalliance.org/star/registry	https://cloudsecurityalliance.org/star/registry
OK	200	https://cqrs.wordpress.com/documents/building-event-storage/	https://cqrs.wordpress.com/documents/building-event-storage/
OK	200	https://csp-evaluator.withgoogle.com/	https://csp-evaluator.withgoogle.com/
OK	200	https://csrc.nist.gov/csrc/media/publications/fips/140/2/final/documents/fips1402annexa.pdf	https://csrc.nist.gov/files/pubs/fips/140-2/upd2/final/docs/fips1402annexa.pdf
OK	200	https://csrc.nist.gov/Projects/ssdf	https://csrc.nist.gov/Projects/ssdf
OK	200	https://cybergordon.com/	https://cybergordon.com/
OK	200	https://dandapani.org/	https://dandapani.org/
OK	200	https://dannorth.net/2021/07/26/we-need-to-talk-about-testing	https://dannorth.net/2021/07/26/we-need-to-talk-about-testing/
OK	200	https://dannorth.net/blog/applying-okrs/	https://dannorth.net/blog/applying-okrs/
OK	200	https://datatracker.ietf.org/doc/html/rfc2616#section-14.8	https://datatracker.ietf.org/doc/html/rfc2616#section-14.8
OK	200	https://definitelytyped.org/	https://definitelytyped.org/
OK	200	https://devblogs.microsoft.com/commandline/af_unix-comes-to-windows/	https://devblogs.microsoft.com/commandline/af_unix-comes-to-windows/
OK	200	https://developer.chrome.com/docs/lighthouse/performance/performance-scoring/?utm_source=lighthouse&utm_medium=lr#lighthouse-10	https://developer.chrome.com/docs/lighthouse/performance/performance-scoring/?utm_source=lighthouse&utm_medium=lr#lighthouse-10
OK	200	https://developer.hashicorp.com/terraform/language/state/workspaces#using-workspaces	https://developer.hashicorp.com/terraform/language/state/workspaces#using-workspaces
OK	200	https://developer.mozilla.org/en-US/docs/Web/HTTP/Caching	https://developer.mozilla.org/en-US/docs/Web/HTTP/Guides/Caching
OK	200	https://developer.mozilla.org/en-US/docs/Web/HTTP/Cookies	https://developer.mozilla.org/en-US/docs/Web/HTTP/Guides/Cookies
OK	200	https://developer.mozilla.org/en-US/docs/Web/HTTP/CORS	https://developer.mozilla.org/en-US/docs/Web/HTTP/Guides/CORS
OK	200	https://developer.mozilla.org/en-US/docs/Web/HTTP/Headers/Cache-Control	https://developer.mozilla.org/en-US/docs/Web/HTTP/Reference/Headers/Cache-Control
OK	200	https://discuss.hashicorp.com/t/passing-values-in-existing-variables-to-modules/4803/3	https://discuss.hashicorp.com/t/passing-values-in-existing-variables-to-modules/4803/3
OK	200	https://docs.ansible.com/ansible/latest/user_guide/playbooks_best_practices.html	https://docs.ansible.com/projects/ansible/latest/user_guide/playbooks_best_practices.html
OK	200	https://docs.ansible.com/ansible/latest/user_guide/playbooks_best_practices.html#directory-layout	https://docs.ansible.com/projects/ansible/latest/user_guide/playbooks_best_practices.html
OK	200	https://docs.ansible.com/ansible/latest/user_guide/playbooks_variables.html#variable-precedence-where-should-i-put-a-variable	https://docs.ansible.com/projects/ansible/latest/user_guide/playbooks_variables.html
OK	200	https://docs.aws.amazon.com/AmazonS3/latest/userguide/example-bucket-policies.html	https://docs.aws.amazon.com/AmazonS3/latest/userguide/example-bucket-policies.html
OK	200	https://docs.aws.amazon.com/AWSEC2/latest/UserGuide/AMIs.html	https://docs.aws.amazon.com/AWSEC2/latest/UserGuide/AMIs.html
OK	200	https://docs.aws.amazon.com/AWSEC2/latest/UserGuide/instancedata-data-retrieval.html	https://docs.aws.amazon.com/AWSEC2/latest/UserGuide/instancedata-data-retrieval.html
OK	200	https://docs.aws.amazon.com/AWSEC2/latest/UserGuide/RootDeviceStorage.html	https://docs.aws.amazon.com/AWSEC2/latest/UserGuide/RootDeviceStorage.html
OK	200	https://docs.aws.amazon.com/cli/latest/userguide/cli-chap-welcome.html	https://docs.aws.amazon.com/cli/latest/userguide/cli-chap-welcome.html
OK	200	https://docs.aws.amazon.com/IAM/latest/UserGuide/best-practices.html	https://docs.aws.amazon.com/IAM/latest/UserGuide/best-practices.html
OK	200	https://docs.aws.amazon.com/IAM/latest/UserGuide/id_credentials_temp_request.html	https://docs.aws.amazon.com/IAM/latest/UserGuide/id_credentials_temp_request.html
OK	200	https://docs.aws.amazon.com/IAM/latest/UserGuide/id_roles_common-scenarios.html	https://docs.aws.amazon.com/IAM/latest/UserGuide/id_roles_common-scenarios.html
OK	200	https://docs.aws.amazon.com/IAM/latest/UserGuide/id_roles_use_switch-role-console.html	https://docs.aws.amazon.com/IAM/latest/UserGuide/id_roles_use_switch-role-console.html
OK	200	https://docs.aws.amazon.com/kms/latest/developerguide/custom-key-store-overview.html	https://docs.aws.amazon.com/kms/latest/developerguide/
OK	200	https://docs.aws.amazon.com/security/	https://docs.aws.amazon.com/security/
OK	200	https://docs.aws.amazon.com/solutions/latest/devops-monitoring-dashboard-on-aws/devops-metrics-list.html	https://docs.aws.amazon.com/solutions/latest/devops-monitoring-dashboard-on-aws/
OK	200	https://docs.aws.amazon.com/vpc/latest/privatelink/what-is-privatelink.html	https://docs.aws.amazon.com/vpc/latest/privatelink/what-is-privatelink.html
OK	200	https://docs.aws.amazon.com/vpc/latest/userguide/VPC_Scenario2.html	https://docs.aws.amazon.com/vpc/latest/userguide/vpc-example-private-subnets-nat.html
OK	200	https://docs.aws.amazon.com/vpc/latest/userguide/VPC_Scenario3.html	https://docs.aws.amazon.com/vpn/latest/s2svpn/Examples.html
OK	200	https://docs.aws.amazon.com/vpc/latest/userguide/VPC_Scenario4.html	https://docs.aws.amazon.com/vpn/latest/s2svpn/Examples.html
OK	200	https://docs.aws.amazon.com/whitepapers/latest/aws-privatelink/what-are-vpc-endpoints.html	https://docs.aws.amazon.com/vpc/latest/privatelink/create-interface-endpoint.html
OK	200	https://docs.aws.amazon.com/whitepapers/latest/disaster-recovery-workloads-on-aws/disaster-recovery-options-in-the-cloud.html	https://docs.aws.amazon.com/whitepapers/latest/disaster-recovery-workloads-on-aws/disaster-recovery-options-in-the-cloud.html
OK	200	https://docs.docker.com/engine/security/protect-access/#create-a-ca-server-and-client-keys-with-openssl	https://docs.docker.com/engine/security/protect-access/#create-a-ca-server-and-client-keys-with-openssl
OK	200	https://docs.docker.com/install/linux/docker-ce/ubuntu/	https://docs.docker.com/engine/install/ubuntu/
OK	200	https://docs.nats.io/	https://docs.nats.io/
OK	200	https://docs.nginx.com/nginx/admin-guide/security-controls/configuring-subrequest-authentication/	https://docs.nginx.com/nginx/admin-guide/security-controls/configuring-subrequest-authentication/
OK	200	https://docs.oracle.com/middleware/1212/owsm/OWSMC/owsm-security-concepts.htm	https://docs.oracle.com/middleware/1212/owsm/OWSMC/owsm-security-concepts.htm
OK	200	https://docs.particular.net/nservicebus/architecture/principles#messaging-versus-rpc-store-and-forward-messaging	https://docs.particular.net/architecture/messaging
OK	200	https://docs.particular.net/transports	https://docs.particular.net/transports/
OK	200	https://dzone.com/articles/load-balancing-of-websocket-connections	https://dzone.com/articles/load-balancing-of-websocket-connections
OK	200	https://dzone.com/articles/the-three-http-routing-patterns-you-should-know	https://dzone.com/articles/the-three-http-routing-patterns-you-should-know
OK	200	https://dzone.com/articles/understanding-when-to-use-rabbitmq-or-apache-kafka	https://dzone.com/articles/understanding-when-to-use-rabbitmq-or-apache-kafka
OK	200	https://dzone.com/articles/we-turned-off-aws-config	https://dzone.com/articles/we-turned-off-aws-config
OK	200	https://dzone.com/articles/xa-transactions-2-phase-commit	https://dzone.com/articles/xa-transactions-2-phase-commit
OK	200	https://eland.readthedocs.io/en/latest/	https://eland.readthedocs.io/en/latest/
OK	200	https://en.wikipedia.org/wiki/Binary_search_algorithm	https://en.wikipedia.org/wiki/Binary_search_algorithm
OK	200	https://en.wikipedia.org/wiki/Certified_Information_Systems_Security_Professional	https://en.wikipedia.org/wiki/Certified_Information_Systems_Security_Professional
OK	200	https://en.wikipedia.org/wiki/Concurrent_computing	https://en.wikipedia.org/wiki/Concurrent_computing
OK	200	https://en.wikipedia.org/wiki/Data_deduplication#Post-process_versus_in-line_deduplication	https://en.wikipedia.org/wiki/Data_deduplication#Post-process_versus_in-line_deduplication
OK	200	https://en.wikipedia.org/wiki/IPv4_address_exhaustion	https://en.wikipedia.org/wiki/IPv4_address_exhaustion
OK	200	https://en.wikipedia.org/wiki/Network_socket	https://en.wikipedia.org/wiki/Network_socket
OK	200	https://en.wikipedia.org/wiki/Public-key_cryptography	https://en.wikipedia.org/wiki/Public-key_cryptography
OK	200	https://en.wikipedia.org/wiki/Regression_analysis	https://en.wikipedia.org/wiki/Regression_analysis
OK	200	https://en.wikipedia.org/wiki/Same-origin_policy	https://en.wikipedia.org/wiki/Same-origin_policy
OK	200	https://en.wikipedia.org/wiki/Simple_linear_regression	https://en.wikipedia.org/wiki/Simple_linear_regression
OK	200	https://en.wikipedia.org/wiki/Unix_domain_socket	https://en.wikipedia.org/wiki/Unix_domain_socket
OK	200	https://en.wikipedia.org/wiki/Vulnerability_management	https://en.wikipedia.org/wiki/Vulnerability_management
OK	200	https://encyclopedia.kaspersky.com/knowledge/riskware/	https://encyclopedia.kaspersky.com/knowledge/riskware/
OK	200	https://enterprisersproject.com/article/2020/2/kubernetes-operators-4-things-know?page=1	https://enterprisersproject.com/article/2020/2/kubernetes-operators-4-things-know?page=1
OK	200	https://example.com/	https://example.com/
OK	200	https://gist.github.com/plentz/6737338	https://gist.github.com/plentz/6737338
OK	200	https://gist.github.com/The-Scott/f7b5d03e260036cfc4dce5ad89578377	https://gist.github.com/The-Scott/f7b5d03e260036cfc4dce5ad89578377
OK	200	https://github.com/a-h/templ/tree/main/benchmarks/react	https://github.com/a-h/templ/tree/main/benchmarks/react
OK	200	https://github.com/apickli/apickli	https://github.com/apickli/apickli
OK	200	https://github.com/aquasecurity/kube-bench	https://github.com/aquasecurity/kube-bench
OK	200	https://github.com/aquasecurity/kube-hunter	https://github.com/aquasecurity/kube-hunter
OK	200	https://github.com/arkadiyt/aws_public_ips	https://github.com/arkadiyt/aws_public_ips
OK	200	https://github.com/awslabs/aws-security-assessment-solution	https://github.com/awslabs/aws-security-assessment-solution
OK	200	https://github.com/checkmarx-ltd/cx-flow/	https://github.com/checkmarx-ltd/cx-flow/
OK	200	https://github.com/containous/traefik	https://github.com/traefik/traefik
OK	200	https://github.com/duo-labs/cloudmapper	https://github.com/duo-labs/cloudmapper
OK	200	https://github.com/fireeye/capa	https://github.com/mandiant/capa
OK	200	https://github.com/google/firing-range	https://github.com/google/firing-range
OK	200	https://github.com/helm/helm	https://github.com/helm/helm
OK	200	https://github.com/jaegertracing/jaeger	https://github.com/jaegertracing/jaeger
OK	200	https://github.com/jcmoraisjr/haproxy-ingress/tree/master/examples/auth/client-certs	https://github.com/n42-gateway/n42-gateway/tree/master/examples/auth/client-certs
OK	200	https://github.com/jcmoraisjr/haproxy-ingress/tree/master/examples/modsecurity	https://github.com/n42-gateway/n42-gateway/tree/master/examples/modsecurity
OK	200	https://github.com/JusticeRage/Manalyze	https://github.com/JusticeRage/Manalyze
OK	200	https://github.com/Justus-e/DevOpsMetrics	https://github.com/b4kup/DevOpsMetrics
OK	200	https://github.com/LuccaSA/Haproxy.AgentCheck	https://github.com/LuccaSA/Haproxy.AgentCheck
OK	200	https://github.com/martin-gorner/tensorflow-rnn-shakespeare	https://github.com/martin-gorner/tensorflow-rnn-shakespeare
OK	200	https://github.com/nats-io/nats-operator	https://github.com/nats-io/nats-operator
OK	200	https://github.com/nccgroup/PMapper	https://github.com/nccgroup/PMapper
OK	200	https://github.com/nccgroup/Scout2	https://github.com/nccgroup/Scout2
OK	200	https://github.com/Netflix/security_monkey	https://github.com/Netflix/security_monkey
OK	200	https://github.com/ohmyzsh/ohmyzsh	https://github.com/ohmyzsh/ohmyzsh
OK	200	https://github.com/ohmyzsh/ohmyzsh/wiki/Plugins	https://github.com/ohmyzsh/ohmyzsh/wiki/Plugins
OK	200	https://github.com/prometheus/pushgateway	https://github.com/prometheus/pushgateway
OK	200	https://github.com/ryanburgess/engineer-manager	https://github.com/ryanburgess/engineer-manager
OK	200	https://github.com/scotty-c/kubernetes-security-workshop/	https://github.com/scotty-c/kubernetes-security-workshop/
OK	200	https://github.com/scotty-c/kubernetes-security-workshop/blob/master/introduction-into-istio/intro.md	https://github.com/scotty-c/kubernetes-security-workshop/blob/master/introduction-into-istio/intro.md
OK	200	https://github.com/spiddy/kubernetes-security-workshop/blob/master/kubernetes-architecture/architecture.md	https://github.com/dkapanidis/kubernetes-security-workshop/blob/master/kubernetes-architecture/architecture.md
OK	200	https://github.com/sqlmapproject/sqlmap	https://github.com/sqlmapproject/sqlmap
OK	200	https://github.com/StackExchange/blackbox	https://github.com/StackExchange/blackbox
OK	200	https://github.com/tesseract-ocr/tesseract	https://github.com/tesseract-ocr/tesseract
OK	200	https://github.com/toniblyx/prowler	https://github.com/prowler-cloud/prowler
OK	200	https://graphql.org/learn/	https://graphql.org/learn/
OK	200	https://graphql.org/learn/serving-over-http/	https://graphql.org/learn/serving-over-http/
OK	200	https://groups.google.com/forum/#!msg/grpc-io/JeGybvbz8nc/wpqQdAfuBwAJ	https://groups.google.com/forum/#!msg/grpc-io/JeGybvbz8nc/wpqQdAfuBwAJ
OK	200	https://haproxy-ingress.github.io/	https://haproxy-ingress.github.io/
OK	200	https://hemantkumar.net	https://hemantkumar.net/
OK	200	https://hemantkumar.net/think-docker-think-security.html	https://hemantkumar.net/think-docker-think-security.html
OK	200	https://httparchive.org/	https://httparchive.org/
OK	200	https://ico.org.uk	https://ico.org.uk/
OK	200	https://in-toto.io	https://in-toto.io/
OK	200	https://introvertdear.com/news/introverts-5-hacks-to-turn-small-talk-into-meaningful-conversation/	https://introvertdear.com/news/introverts-5-hacks-to-turn-small-talk-into-meaningful-conversation/
OK	200	https://itsecuritycareer.com/cybersecurity-education/certifications/sscp	https://itsecuritycareer.com/cybersecurity-education/certifications/sscp/
OK	200	https://jakearchibald.com/2016/caching-best-practices/	https://jakearchibald.com/2016/caching-best-practices/
OK	200	https://joearms.github.io/published/2013-04-02-Red-and-Green-Callbacks.html	https://joearms.github.io/published/2013-04-02-Red-and-Green-Callbacks.html
OK	200	https://jvns.ca/blog/2017/08/05/how-kubernetes-certificates-work/	https://jvns.ca/blog/2017/08/05/how-kubernetes-certificates-work/
OK	200	https://kafka.apache.org/protocol	https://kafka.apache.org/protocol/
OK	200	https://kubernetes.github.io/ingress-nginx/user-guide/nginx-configuration/annotations/#client-certificate-authentication	https://kubernetes.github.io/ingress-nginx/user-guide/nginx-configuration/annotations/#client-certificate-authentication
OK	200	https://kubernetes.io/docs/concepts/cluster-administration/flow-control/	https://kubernetes.io/docs/concepts/cluster-administration/flow-control/
OK	200	https://kubernetes.io/docs/concepts/configuration/overview/	https://kubernetes.io/blog/2025/11/25/configuration-good-practices/
OK	200	https://kubernetes.io/docs/concepts/extend-kubernetes/api-extension/custom-resources	https://kubernetes.io/docs/concepts/extend-kubernetes/api-extension/custom-resources/
OK	200	https://kubernetes.io/docs/concepts/services-networking/connect-applications-service/	https://kubernetes.io/docs/tutorials/services/connect-applications-service/
OK	200	https://kubernetes.io/docs/concepts/services-networking/ingress-controllers/	https://kubernetes.io/docs/concepts/services-networking/ingress-controllers/
OK	200	https://kubernetes.io/docs/concepts/services-networking/ingress/	https://kubernetes.io/docs/concepts/services-networking/ingress/
OK	200	https://kubernetes.io/docs/concepts/services-networking/service/#publishing-services-service-types	https://kubernetes.io/docs/concepts/services-networking/service/#publishing-services-service-types
OK	200	https://kubernetes.io/docs/reference/kubectl/cheatsheet/	https://kubernetes.io/docs/reference/kubectl/quick-reference/
OK	200	https://kubernetes.io/docs/reference/kubectl/cheatsheet/#creating-objects	https://kubernetes.io/docs/reference/kubectl/quick-reference/
OK	200	https://kubernetes.io/docs/reference/kubectl/cheatsheet/#kubectl-context-and-configuration	https://kubernetes.io/docs/reference/kubectl/quick-reference/
OK	200	https://kubernetes.io/docs/reference/kubectl/cheatsheet/#viewing-finding-resources	https://kubernetes.io/docs/reference/kubectl/quick-reference/
OK	200	https://kubernetes.io/docs/tasks/access-application-cluster/create-external-load-balancer/#preserving-the-client-source-ip	https://kubernetes.io/docs/tasks/access-application-cluster/create-external-load-balancer/#preserving-the-client-source-ip
OK	200	https://kubernetes.io/docs/tasks/access-application-cluster/web-ui-dashboard	https://kubernetes.io/docs/tasks/access-application-cluster/web-ui-dashboard/
OK	200	https://kubernetes.io/docs/tasks/tls/managing-tls-in-a-cluster/#requesting-a-certificate	https://kubernetes.io/docs/tasks/tls/managing-tls-in-a-cluster/#requesting-a-certificate
OK	200	https://latex.codecogs.com/png.latex?Certificate=Sign_C_As_S_K(dnsName:publicKey	https://latex.codecogs.com/png.latex?Certificate=Sign_C_As_S_K(dnsName:publicKey
OK	200	https://latex.codecogs.com/png.latex?D_s_k(c	https://latex.codecogs.com/png.latex?D_s_k(c
OK	200	https://latex.codecogs.com/png.latex?E_p_k(p	https://latex.codecogs.com/png.latex?E_p_k(p
OK	200	https://latex.codecogs.com/png.latex?E_s_k(p	https://latex.codecogs.com/png.latex?E_s_k(p
OK	200	https://latex.codecogs.com/png.latex?Verify_C_As_P_K(m,certificate	https://latex.codecogs.com/png.latex?Verify_C_As_P_K(m,certificate
OK	200	https://learn.microsoft.com/en-us/aspnet/core/tutorials/choose-web-ui?view=aspnetcore-8.0	https://learn.microsoft.com/en-us/aspnet/core/tutorials/choose-web-ui?view=aspnetcore-8.0
OK	200	https://letsencrypt.org/how-it-works/	https://letsencrypt.org/how-it-works/
OK	200	https://linkerd.io/	https://linkerd.io/
OK	200	https://locust.io	https://locust.io/
OK	200	https://login.microsoftonline.com/{tenant-id}/oauth2/token	https://login.microsoftonline.com/tenant-id/oauth2/token
OK	200	https://logit.io/	https://logit.io/
OK	200	https://logz.io/blog/filebeat-vs-logstash/	https://logz.io/blog/filebeat-vs-logstash/
OK	200	https://logz.io/blog/fluentd-logstash/	https://logz.io/blog/fluentd-logstash/
OK	200	https://magicutilities.net/magic-mouse/home	https://magicutilities.net/magic-mouse/features
OK	200	https://martin.kleppmann.com/2015/11/05/database-inside-out-at-oredev.html	https://martin.kleppmann.com/2015/11/05/database-inside-out-at-oredev.html
OK	200	https://martinfowler.com/articles/agile-threat-modelling.html	https://martinfowler.com/articles/agile-threat-modelling.html
OK	200	https://martinfowler.com/articles/richardsonMaturityModel.html	https://martinfowler.com/articles/richardsonMaturityModel.html
OK	200	https://martinfowler.com/bliki/DomainDrivenDesign.html	https://martinfowler.com/bliki/DomainDrivenDesign.html
OK	200	https://mybank.com	https://mybank.com/
OK	200	https://newrelic.com	https://newrelic.com/
OK	200	https://news.ycombinator.com/item?id=9280058	https://news.ycombinator.com/item?id=9280058
OK	200	https://nginx.org/en/docs/http/request_processing.html	https://nginx.org/en/docs/http/request_processing.html
OK	200	https://nvd.nist.gov/	https://nvd.nist.gov/
OK	200	https://ohmyz.sh/#install	https://ohmyz.sh/#install
OK	200	https://opencensus.io/	https://opencensus.io/
OK	200	https://opensource.com/article/17/10/logstash-fundamentals	https://opensource.com/article/17/10/logstash-fundamentals
OK	200	https://opensource.com/article/20/6/kubernetes-lens	https://opensource.com/article/20/6/kubernetes-lens
OK	200	https://opensrs.com/blog/2012/09/san-and-wildcard-certificates-whats-the-difference	https://opensrs.com/blog/san-and-wildcard-certificates-whats-the-difference
OK	200	https://opentelemetry.io/	https://opentelemetry.io/
OK	200	https://opentelemetry.io/docs/	https://opentelemetry.io/docs/
OK	200	https://opentracing.io/docs/overview/	https://opentracing.io/docs/overview/
OK	200	https://operatorhub.io	https://operatorhub.io/
OK	200	https://owasp.org/www-project-dependency-check/	https://owasp.org/projects/dependency-check
OK	200	https://owasp.org/www-project-juice-shop	https://owasp.org/projects/juice-shop
OK	200	https://particular-1.wistia.com/medias/a2h268abx8	https://particular-1.wistia.com/session/new
OK	200	https://particular.net/blog/break-that-big-ball-of-mud	https://particular.net/blog/break-that-big-ball-of-mud
OK	200	https://platform9.com/blog/kubernetes-logging-comparing-fluentd-vs-logstash	https://platform9.com/blog/kubernetes-logging-comparing-fluentd-vs-logstash/
OK	200	https://portal.azure.com/#@{tenant}.onmicrosoft.com/resource/subscriptions/{subscription-id}/users	https://portal.azure.com/#@tenant.onmicrosoft.com/resource/subscriptions/subscription-id/users
OK	200	https://portswigger.net/burp	https://portswigger.net/burp
OK	200	https://projectcontour.io/	https://projectcontour.io/
OK	200	https://prometheus.io/	https://prometheus.io/
OK	200	https://prometheus.io/docs/instrumenting/exporters/	https://prometheus.io/docs/instrumenting/exporters/
OK	200	https://rancher.com/	https://www.rancher.com/
OK	200	https://raw.githubusercontent.com/ohmyzsh/ohmyzsh/master/tools/install.sh	https://raw.githubusercontent.com/ohmyzsh/ohmyzsh/master/tools/install.sh
OK	200	https://raygun.com/	https://raygun.com/
OK	200	https://react.dev/learn/start-a-new-react-project	https://react.dev/learn/creating-a-react-app
OK	200	https://registry.terraform.io/browse/providers	https://registry.terraform.io/browse/providers
OK	200	https://restfulapi.net/caching/	https://restfulapi.net/caching/
OK	200	https://restfulapi.net/rest-put-vs-post/	https://restfulapi.net/rest-put-vs-post/
OK	200	https://scotthelme.co.uk/a-new-security-header-referrer-policy/	https://scotthelme.co.uk/a-new-security-header-referrer-policy/
OK	200	https://scotthelme.co.uk/hardening-your-http-response-headers/	https://scotthelme.co.uk/hardening-your-http-response-headers/
OK	200	https://scotthelme.co.uk/hardening-your-http-response-headers/#x-frame-options	https://scotthelme.co.uk/hardening-your-http-response-headers/#x-frame-options
OK	200	https://search-guard.com/elasticsearch-proxy-authentication-certificates/	https://search-guard.com/blog/elasticsearch-proxy-authentication-certificates/
OK	200	https://semgrep.dev/	https://semgrep.dev/
OK	200	https://slsa.dev/	https://slsa.dev/
OK	200	https://snyk.io/learn/application-security/	https://snyk.io/articles/application-security/
OK	200	https://snyk.io/learn/application-security/static-application-security-testing/	https://snyk.io/articles/application-security/static-application-security-testing/
OK	200	https://spin.atomicobject.com/2014/06/24/gradient-descent-linear-regression	https://spin.atomicobject.com/gradient-descent-linear-regression/
OK	200	https://sre.google/	https://sre.google/
OK	200	https://sre.google/workbook/how-sre-relates/	https://sre.google/workbook/how-sre-relates/
OK	200	https://static.googleusercontent.com/media/research.google.com/en//archive/spanner-osdi2012.pdf	https://static.googleusercontent.com/media/research.google.com/en//archive/spanner-osdi2012.pdf
OK	200	https://static.googleusercontent.com/media/research.google.com/en//pubs/archive/45855.pdf	https://static.googleusercontent.com/media/research.google.com/en//pubs/archive/45855.pdf
OK	200	https://support.apple.com/kb/dl1720?locale=en_GB	https://support.apple.com/en-gb/106412
OK	200	https://support.okta.com/help/answers?id=906F0000000DFA7IAO	https://support.okta.com/help/answers?id=906F0000000DFA7IAO
OK	200	https://sysdig.com/blog/kubernetes-monitoring-prometheus/	https://www.sysdig.com/blog/kubernetes-monitoring-prometheus
OK	200	https://sysdig.com/products/kubernetes-security/	https://www.sysdig.com/solutions/container-and-kubernetes-security
OK	200	https://thanos.io	https://thanos.io/
OK	200	https://theupdateframework.github.io/	https://theupdateframework.github.io/
OK	200	https://thrift.apache.org/	https://thrift.apache.org/
OK	200	https://thrift.apache.org/static/files/thrift-20070401.pdf	https://thrift.apache.org/static/files/thrift-20070401.pdf
OK	200	https://unmitigatedrisk.com/?p=203	https://unmitigatedrisk.com/?p=203
OK	200	https://vimeo.com/20781278	https://vimeo.com/20781278
OK	200	https://www.amazon.co.uk/Reactive-Messaging-Patterns-Actor-Model/dp/0133846830	https://www.amazon.co.uk/Reactive-Messaging-Patterns-Actor-Model/dp/0133846830
OK	200	https://www.analyticsvidhya.com/blog/2017/05/comprehensive-guide-to-linear-algebra/?utm_source=blog&utm_medium=mathematics-behind-machine-learning	https://www.analyticsvidhya.com/blog/2017/05/comprehensive-guide-to-linear-algebra/?utm_source=blog&utm_medium=mathematics-behind-machine-learning
OK	200	https://www.analyticsvidhya.com/blog/2017/09/common-machine-learning-algorithms/	https://www.analyticsvidhya.com/blog/2017/09/common-machine-learning-algorithms/
OK	200	https://www.analyticsvidhya.com/blog/2019/10/mathematics-behind-machine-learning/	https://www.analyticsvidhya.com/blog/2019/10/mathematics-behind-machine-learning/
OK	200	https://www.appveyor.com/docs/build-environment/	https://www.appveyor.com/docs/build-environment/
OK	200	https://www.appveyor.com/docs/nuget/	https://www.appveyor.com/docs/nuget/
OK	200	https://www.appveyor.com/pricing/	https://www.appveyor.com/pricing/
OK	200	https://www.chrisstucchio.com/blog/2013/actors_vs_futures.html	https://www.chrisstucchio.com/blog/2013/actors_vs_futures.html
OK	200	https://www.cidrdb.org/cidr2005/papers/P12.pdf	https://www.cidrdb.org/cidr2005/papers/P12.pdf
OK	200	https://www.cisecurity.org/blog/cis-hardened-images-now-in-microsoft-azure-marketplace/	https://www.cisecurity.org/insights/blog/cis-hardened-images-now-in-microsoft-azure-marketplace
OK	200	https://www.cisecurity.org/cis-benchmarks/	https://www.cisecurity.org/cis-benchmarks
OK	200	https://www.confluent.io/blog/data-dichotomy-rethinking-the-way-we-treat-data-and-services	https://www.confluent.io/blog/data-dichotomy-rethinking-the-way-we-treat-data-and-services/
OK	200	https://www.crest-approved.org/	https://www.crest-approved.org/
OK	200	https://www.crowdstrike.com/cybersecurity-101/threat-hunting/	https://www.crowdstrike.com/en-us/cybersecurity-101/threat-intelligence/threat-hunting/
OK	200	https://www.cynet.com/attack-techniques-hands-on/what-are-lolbins-and-how-do-attackers-use-them-in-fileless-attacks/	https://www.cynet.com/security-foundations/attack-techniques/what-are-lolbins-and-how-do-attackers-use-them-in-fileless-attacks/
OK	200	https://www.darraghoriordan.com/2022/10/16/report-on-dora-metrics-apache-dev-lake/	https://www.darraghoriordan.com/2022/10/16/report-on-dora-metrics-apache-dev-lake
OK	200	https://www.datadoghq.com/	https://www.datadoghq.com/
OK	200	https://www.datadoghq.com/blog/how-to-monitor-nginx	https://www.datadoghq.com/blog/how-to-monitor-nginx/
OK	200	https://www.datadoghq.com/blog/monitoring-haproxy-performance-metrics/	https://www.datadoghq.com/blog/monitoring-haproxy-performance-metrics/
OK	200	https://www.datadoghq.com/dashboards/haproxy-dashboard/	https://www.datadoghq.com/dashboards/haproxy-dashboard/
OK	200	https://www.datadoghq.com/knowledge-center/distributed-tracing/flame-graph/#what-is-a-flame-graph	https://www.datadoghq.com/knowledge-center/distributed-tracing/flame-graph/#what-is-a-flame-graph
OK	200	https://www.digitalocean.com/community/tutorials/how-to-use-passwd-and-adduser-to-manage-passwords-on-a-linux-vps	https://www.digitalocean.com/community/tutorials/how-to-use-passwd-and-adduser-to-manage-passwords-on-a-linux-vps
OK	200	https://www.digitalocean.com/community/tutorials/understanding-ip-addresses-subnets-and-cidr-notation-for-networking	https://www.digitalocean.com/community/tutorials/understanding-ip-addresses-subnets-and-cidr-notation-for-networking
OK	200	https://www.dynatrace.com/	https://www.dynatrace.com/
OK	200	https://www.eccouncil.org/programs/certified-ethical-hacker-ceh/	https://www.eccouncil.org/train-certify/certified-ethical-hacker-ceh/
OK	200	https://www.elastic.co/blog/archiving-your-event-stream-with-logstash	https://www.elastic.co/blog/archiving-your-event-stream-with-logstash
OK	200	https://www.elastic.co/guide/en/apm/agent/dotnet/current/intro.html	https://www.elastic.co/docs/reference/apm/agents/dotnet
OK	200	https://www.esecurityplanet.com/endpoint/antivirus-vs-epp-vs-edr/#how-to-choose	https://www.esecurityplanet.com/endpoint/antivirus-vs-epp-vs-edr/#how-to-choose
OK	200	https://www.freecodecamp.org/news/rendering-patterns/	https://www.freecodecamp.org/news/rendering-patterns/
OK	200	https://www.globalsign.com/en/blog/what-is-a-certificate-signing-request-csr	https://www.globalsign.com/en/blog/what-is-a-certificate-signing-request-csr
OK	200	https://www.globalsign.com/en/blog/what-is-server-name-indication	https://www.globalsign.com/en/blog/what-is-server-name-indication
OK	200	https://www.gocd.org/2017/04/17/build-propagation-using-fan-in-fan-out.html	https://www.gocd.org/2017/04/17/build-propagation-using-fan-in-fan-out.html
OK	200	https://www.hangfire.io/overview.html	https://www.hangfire.io/overview.html
OK	200	https://www.haproxy.com/blog/circuit-breaking-haproxy/#implement-a-circuit-breaker-the-simple-way	https://www.haproxy.com/blog/circuit-breaking-haproxy
OK	200	https://www.haproxy.com/blog/dynamic-configuration-haproxy-runtime-api/	https://www.haproxy.com/blog/dynamic-configuration-haproxy-runtime-api
OK	200	https://www.haproxy.com/blog/haproxy-exposes-a-prometheus-metrics-endpoint/	https://www.haproxy.com/blog/haproxy-exposes-a-prometheus-metrics-endpoint
OK	200	https://www.haproxy.com/blog/haproxy-exposes-a-prometheus-metrics-endpoint/#configuring-prometheus	https://www.haproxy.com/blog/haproxy-exposes-a-prometheus-metrics-endpoint
OK	200	https://www.haproxy.com/blog/haproxy-layer-7-retries-and-chaos-engineering/	https://www.haproxy.com/blog/haproxy-layer-7-retries-and-chaos-engineering
OK	200	https://www.haproxy.com/blog/http-keep-alive-pipelining-multiplexing-and-connection-pooling/#history-of-keep-alive-in-http	https://www.haproxy.com/blog/http-keep-alive-pipelining-multiplexing-and-connection-pooling
OK	200	https://www.haproxy.com/blog/new-haproxy-data-plane-api/	https://www.haproxy.com/blog/new-haproxy-data-plane-api
OK	200	https://www.haproxy.com/blog/the-four-essential-sections-of-an-haproxy-configuration/	https://www.haproxy.com/blog/the-four-essential-sections-of-an-haproxy-configuration
OK	200	https://www.haproxy.com/blog/using-haproxy-as-an-api-gateway-part-3-health-checks/	https://www.haproxy.com/blog/using-haproxy-as-an-api-gateway-part-3-health-checks
OK	200	https://www.haproxy.com/blog/using-haproxy-as-an-api-gateway-part-3-health-checks/#passive-health-checks	https://www.haproxy.com/blog/using-haproxy-as-an-api-gateway-part-3-health-checks
OK	200	https://www.haproxy.com/blog/using-haproxy-as-an-api-gateway-part-4-metrics/	https://www.haproxy.com/blog/using-haproxy-as-an-api-gateway-part-4-metrics
OK	200	https://www.haproxy.com/documentation/hapee/latest/api/data-plane-api/installation/haproxy-community/	https://www.haproxy.com/documentation/haproxy-data-plane-api/
OK	200	https://www.haproxy.com/documentation/hapee/latest/onepage/	https://www.haproxy.com/documentation/haproxy-configuration-manual/latest/
OK	200	https://www.haproxy.com/fr/blog/using-haproxy-as-an-api-gateway-part-3-health-checks/	https://www.haproxy.com/blog/using-haproxy-as-an-api-gateway-part-3-health-checks
OK	200	https://www.haproxy.com/haproxy-web-application-firewall-trial/	https://www.haproxy.com/solutions/web-application-firewall
OK	200	https://www.hybrid-analysis.com/	https://hybrid-analysis.com/
OK	200	https://www.infoq.com/articles/microservice-event-choreographies?utm_campaign=rightbar_v2&utm_source=infoq&utm_medium=articles_link&utm_content=link_text	https://www.infoq.com/articles/microservice-event-choreographies/?utm_campaign=rightbar_v2&utm_source=infoq&utm_medium=articles_link&utm_content=link_text
OK	200	https://www.infoq.com/articles/no-more-mvc-frameworks	https://www.infoq.com/articles/no-more-mvc-frameworks/
OK	200	https://www.infoq.com/articles/websocket-and-http2-coexist/	https://www.infoq.com/articles/websocket-and-http2-coexist/
OK	200	https://www.infoq.com/news/2009/04/coupling/	https://www.infoq.com/news/2009/04/coupling/
OK	200	https://www.infoq.com/news/2016/02/tilkov-microxchg-human-users	https://www.infoq.com/news/2016/02/tilkov-microxchg-human-users/
OK	200	https://www.infoq.com/presentations/asynchronous-vs-synchronous?utm_source=twitter&utm_medium=link&utm_campaign=qcon	https://www.infoq.com/presentations/asynchronous-vs-synchronous/?utm_source=twitter&utm_medium=link&utm_campaign=qcon
OK	200	https://www.infoq.com/presentations/multi-tenancy-kubernetes/	https://www.infoq.com/presentations/multi-tenancy-kubernetes/
OK	200	https://www.infoworld.com/article/2642540/is-your-web-site-fips-compliant-.html	https://www.infoworld.com/article/2316282/is-your-web-site-fips-compliant.html
OK	200	https://www.intruder.io	https://www.intruder.io/
OK	200	https://www.intruder.io/qualys-alternative	https://www.intruder.io/compare/qualys
OK	200	https://www.jaegertracing.io/docs/1.17/monitoring/#metrics	https://www.jaegertracing.io/docs/1.76/monitoring/
OK	200	https://www.jscape.com/blog/key-exchange#:~:text=The%20two%20most%20popular%20key,of%20the%20Internet%2C%20especially%20businesswise	https://www.jscape.com/blog/key-exchange#:~:text=The%20two%20most%20popular%20key,of%20the%20Internet%2C%20especially%20businesswise
OK	200	https://www.kamilgrzybek.com/design/the-outbox-pattern/	https://www.kamilgrzybek.com/blog/posts/the-outbox-pattern
OK	200	https://www.keycdn.com/support/what-is-mime-sniffing#how-to-avoid-mime-sniffing-vulnerabilities	https://www.keycdn.com/support/what-is-mime-sniffing#how-to-avoid-mime-sniffing-vulnerabilities
OK	200	https://www.ncsc.gov.uk/collection/cloud/the-cloud-security-principles	https://www.ncsc.gov.uk/collection/cloud/the-cloud-security-principles
OK	200	https://www.openvas.org/	https://www.openvas.org/
OK	200	https://www.oreilly.com/content/the-log-the-lifeblood-of-your-data-pipeline/	https://www.oreilly.com/content/the-log-the-lifeblood-of-your-data-pipeline/
OK	200	https://www.pcisecuritystandards.org/	https://www.pcisecuritystandards.org/
OK	200	https://www.psychologytoday.com/us/blog/click-here-happiness/201903/what-is-self-awareness-and-how-do-you-get-it	https://www.psychologytoday.com/us/blog/click-here-for-happiness/201903/what-is-self-awareness-and-how-do-you-get-it
OK	200	https://www.qualys.com/apps/web-app-scanning/?_ga=2.142204082.1235140357.1591144958-1421731482.1591144958	https://www.qualys.com/apps/web-app-scanning?_ga=2.142204082.1235140357.1591144958-1421731482.1591144958
OK	200	https://www.rabbitmq.com/tutorials/amqp-concepts.html	https://www.rabbitmq.com/tutorials/amqp-concepts
OK	200	https://www.readysetcloud.io/blog/allen.helton/is-serverless-disaster-recovery-worth-it/	https://www.readysetcloud.io/blog/allen.helton/is-serverless-disaster-recovery-worth-it/
OK	200	https://www.reddit.com/r/antivirus/comments/gozqc1/understanding_virustotal_results_it_is_not/	https://www.reddit.com/r/antivirus/comments/gozqc1/understanding_virustotal_results_it_is_not/
OK	200	https://www.reddit.com/r/devops/comments/9hku3v/prometheus_vs_opentracing	https://www.reddit.com/r/devops/comments/9hku3v/prometheus_vs_opentracing/
OK	200	https://www.securityjourney.com/post/sast-vs-dast-vs-iast	https://www.securityjourney.com/post/sast-vs-dast-vs-iast
OK	200	https://www.smashingmagazine.com/2016/09/understanding-rest-and-rpc-for-http-apis/	https://www.smashingmagazine.com/2016/09/understanding-rest-and-rpc-for-http-apis/
OK	200	https://www.splunk.com/	https://www.splunk.com/
OK	200	https://www.ssls.com/knowledgebase/what-are-certificate-formats-and-what-is-the-difference-between-them/	https://www.ssls.com/knowledgebase/what-are-certificate-formats-and-what-is-the-difference-between-them/
OK	200	https://www.sumologic.com/	https://www.sumologic.com/
OK	200	https://www.theatlantic.com/technology/archive/2017/09/saving-the-world-from-code/540393/	https://www.theatlantic.com/technology/archive/2017/09/saving-the-world-from-code/540393/
OK	200	https://www.thoughtworks.com/insights/blog/agile-data-warehousing-and-business-intelligence-action	https://www.thoughtworks.com/insights/blog/agile-data-warehousing-and-business-intelligence-action
OK	200	https://www.thoughtworks.com/insights/blog/macro-trends-tech-industry-nov-2018	https://www.thoughtworks.com/insights/blog/macro-trends-tech-industry-nov-2018
OK	200	https://www.thoughtworks.com/insights/blog/value-driven-digital-business	https://www.thoughtworks.com/insights/blog/value-driven-digital-business
OK	200	https://www.thoughtworks.com/insights/blog/why-configuration-management-and-provisioning-are-different	https://www.thoughtworks.com/insights/blog/why-configuration-management-and-provisioning-are-different
OK	200	https://www.troyhunt.com/hack-yourself-first-how-to-go-on/	https://www.troyhunt.com/hack-yourself-first-how-to-go-on/
OK	200	https://www.troyhunt.com/journey-to-an-extended-validation-certificate/	https://www.troyhunt.com/journey-to-an-extended-validation-certificate/
OK	200	https://www.uptycs.com/blog/whats-the-difference-between-casb-cwpp-cspm-and-cnapp	https://www.uptycs.com/blog/cspm-meaning-whats-the-difference-cnapp-vs-cspm-vs-cwpp/
OK	200	https://www.yoreoyster.com/blog/amazon-leadership-principles-questions/	https://www.yoreoyster.com/blog/amazon-leadership-principles-questions/
OK	200	https://www.youtube.com/embed/Js21xKMFdww	https://www.youtube.com/embed/Js21xKMFdww
OK	200	https://www.youtube.com/playlist?list=PL8HowI-L-3_9bkocmR3JahQ4Y-Pbqs2Nt	https://www.youtube.com/playlist?list=PL8HowI-L-3_9bkocmR3JahQ4Y-Pbqs2Nt&cbrd=1&ucbcb=1
OK	200	https://www.youtube.com/watch?v=9MvbNPQiEE8&nohtml5=False	https://www.youtube.com/watch?v=9MvbNPQiEE8&nohtml5=False
OK	200	https://www.youtube.com/watch?v=bo5WL5IQAd0	https://www.youtube.com/watch?v=bo5WL5IQAd0
OK	200	https://www.youtube.com/watch?v=bzkRVzciAZg	https://www.youtube.com/watch?v=bzkRVzciAZg
OK	200	https://www.youtube.com/watch?v=ceyYPT8Fplw&t=171s	https://www.youtube.com/watch?v=ceyYPT8Fplw&t=171s
OK	200	https://www.youtube.com/watch?v=geumLjxtc54	https://www.youtube.com/watch?v=geumLjxtc54
OK	200	https://www.youtube.com/watch?v=JjXUH0VORnE	https://www.youtube.com/watch?v=JjXUH0VORnE
OK	200	https://www.youtube.com/watch?v=JvS2triCgOY	https://www.youtube.com/watch?v=JvS2triCgOY
OK	200	https://www.youtube.com/watch?v=obB2IvCv-K0&feature=emb_logo	https://www.youtube.com/watch?v=obB2IvCv-K0&feature=emb_logo
OK	200	https://www.youtube.com/watch?v=P1vES9AgfC4&t=1327s&ab_channel=NDCConferences	https://www.youtube.com/watch?v=P1vES9AgfC4&t=1327s&ab_channel=NDCConferences
OK	200	https://www.youtube.com/watch?v=rAof9Ld5sOg	https://www.youtube.com/watch?v=rAof9Ld5sOg
OK	200	https://www.youtube.com/watch?v=tjtFkT97Xmc&ebc=ANyPxKoC9kkoTtcCSl4Kf133win8mxqWdnEZ_yfeH6tf1kE1htRp-aGiyYd7l0gGmPz93k5wIWRLKqUI6mWME8A6uVX224w9ng	https://www.youtube.com/watch?v=tjtFkT97Xmc&ebc=ANyPxKoC9kkoTtcCSl4Kf133win8mxqWdnEZ_yfeH6tf1kE1htRp-aGiyYd7l0gGmPz93k5wIWRLKqUI6mWME8A6uVX224w9ng
OK	200	https://www.youtube.com/watch?v=uyq8yxWO1ls&ab_channel=JavaBrains	https://www.youtube.com/watch?v=uyq8yxWO1ls&ab_channel=JavaBrains
OK	200	https://www.youtube.com/watch?v=VbW-X0j35gw&ab_channel=OWASPFoundation	https://www.youtube.com/watch?v=VbW-X0j35gw&ab_channel=OWASPFoundation
OK	200	https://www.youtube.com/watch?v=VtzvF17ysbc	https://www.youtube.com/watch?v=VtzvF17ysbc
OK	200	https://www.youtube.com/watch?v=yCcWpzY8dIA&t=506s	https://www.youtube.com/watch?v=yCcWpzY8dIA&t=506s
OK	200	https://www.youtube.com/watch?v=YX40hbAHx3s&nohtml5=False	https://www.youtube.com/watch?v=YX40hbAHx3s&nohtml5=False
OK	200	https://www.youtube.com/watch?v=zPG4NjIkCjc	https://www.youtube.com/watch?v=zPG4NjIkCjc
OK	200	https://www.zaproxy.org/	https://www.zaproxy.org/
OK	200	https://www.zaproxy.org/blog/2020-04-09-automate-security-testing-with-zap-and-github-actions/	https://www.zaproxy.org/blog/2020-04-09-automate-security-testing-with-zap-and-github-actions/
OK	200	https://yara.readthedocs.io/en/stable	https://yara.readthedocs.io/en/stable/
OTHER	302	http://developer.android.com	https://developer.android.com/
OTHER	302	http://developer.android.com/about/dashboards/index.html	https://developer.android.com/about/dashboards
OTHER	406	https://time.com/3858309/attention-spans-goldfish/	https://time.com/3858309/attention-spans-goldfish/
OTHER	curl:
OTHER	curl:
OTHER	curl:
OTHER	curl:
OTHER	curl:
OTHER	curl:
OTHER	curl:
OTHER	curl:
OTHER	curl:
OTHER	curl:
OTHER	curl:
OTHER	curl:
OTHER	curl:
OTHER	curl:
OTHER	curl:
OTHER	curl:
OTHER	curl:
OTHER	curl:
OTHER	curl:
OTHER	curl:
OTHER	curl:
OTHER	curl:
OTHER	curl:
OTHER	curl:
PLACEHOLDER	-	http://169.254.169.254/latest/meta-data/	-
PLACEHOLDER	-	http://169.254.169.254/latest/meta-data/public-ip4	-
PLACEHOLDER	-	http://169.254.169.254/latest/user-data	-
PLACEHOLDER	-	http://schemas.android.com/apk/res/android	-
PLACEHOLDER	-	http://starter-agent	-
PLACEHOLDER	-	https://$tenant.onmicrosoft.com/$app	-
PLACEHOLDER	-	https://evil.example.com	-
PLACEHOLDER	-	https://foo.example	-
PLACEHOLDER	-	https://localhost:44321	-
PLACEHOLDER	-	https://nuget.example.com	-
UNVERIFIED	403	http://askubuntu.com/questions/514748/what-does-dev-null-mean-in-a-shell-script	https://askubuntu.com/questions/514748/what-does-dev-null-mean-in-a-shell-script
UNVERIFIED	403	http://stackoverflow.com/questions/1897993/what-is-the-difference-between-concurrent-programming-and-parallel-programming	https://stackoverflow.com/questions/1897993/what-is-the-difference-between-concurrent-programming-and-parallel-programming
UNVERIFIED	403	http://stackoverflow.com/questions/5163144/what-are-the-special-dollar-sign-shell-variables	https://stackoverflow.com/questions/5163144/what-are-the-special-dollar-sign-shell-variables
UNVERIFIED	403	http://stackoverflow.com/questions/5693346/when-to-use-actors-instead-of-messaging-solutions-such-as-websphere-mq-or-tibco	https://stackoverflow.com/questions/5693346/when-to-use-actors-instead-of-messaging-solutions-such-as-websphere-mq-or-tibco
UNVERIFIED	403	http://www.webpagetest.org/	http://www.webpagetest.org/
UNVERIFIED	403	https://apple.stackexchange.com/questions/25143/what-is-the-difference-between-iterm2-and-terminal	https://apple.stackexchange.com/questions/25143/what-is-the-difference-between-iterm2-and-terminal
UNVERIFIED	403	https://askubuntu.com/questions/73059/how-to-copy-paste-from-ubuntu-virtualbox-guest-to-windows-host	https://askubuntu.com/questions/73059/how-to-copy-paste-from-ubuntu-virtualbox-guest-to-windows-host
UNVERIFIED	403	https://developers.redhat.com/blog/2017/07/10/using-opentracing-with-jaeger-to-collect-application-metrics-in-kubernetes	https://developers.redhat.com/blog/2017/07/10/using-opentracing-with-jaeger-to-collect-application-metrics-in-kubernetes
UNVERIFIED	403	https://docs.openshift.com/container-platform/4.2/web_console/web-console.html	https://docs.redhat.com/en/documentation/openshift_container_platform/4.2/html/web_console/web-console
UNVERIFIED	403	https://joelgsamuel.medium.com/ip-address-access-control-lists-are-not-as-great-as-you-think-they-are-4176b7d68f20	https://joelgsamuel.medium.com/ip-address-access-control-lists-are-not-as-great-as-you-think-they-are-4176b7d68f20
UNVERIFIED	403	https://linuxconfig.org/bash-scripting-tutorial	https://linuxconfig.org/bash-scripting-tutorial
UNVERIFIED	403	https://math.stackexchange.com/questions/1417845/higher-the-percentage-lower-the-value	https://math.stackexchange.com/questions/1417845/higher-the-percentage-lower-the-value
UNVERIFIED	403	https://medium.com/@cloudark/kubernetes-operators-and-helm-it-takes-two-to-tango-3ff6dcf65619	https://medium.com/@cloudark/kubernetes-operators-and-helm-it-takes-two-to-tango-3ff6dcf65619
UNVERIFIED	403	https://medium.com/@gowthamy/big-data-battle-batch-processing-vs-stream-processing-5d94600d8103	https://medium.com/@gowthamy/big-data-battle-batch-processing-vs-stream-processing-5d94600d8103
UNVERIFIED	403	https://medium.com/awesome-cloud/aws-difference-between-security-groups-and-network-acls-adc632ea29ae	https://medium.com/awesome-cloud/aws-difference-between-security-groups-and-network-acls-adc632ea29ae
UNVERIFIED	403	https://medium.com/codait/handling-failure-successfully-in-rabbitmq-22ffa982b60f	https://medium.com/codait/handling-failure-successfully-in-rabbitmq-22ffa982b60f
UNVERIFIED	403	https://medium.com/geekculture/monitoring-microservices-part-1-observability-b2b44fa3e67e	https://medium.com/geekculture/monitoring-microservices-part-1-observability-b2b44fa3e67e
UNVERIFIED	403	https://security.stackexchange.com/questions/112037/how-to-avoid-reveal-password-in-a-form	https://security.stackexchange.com/questions/112037/how-to-avoid-reveal-password-in-a-form
UNVERIFIED	403	https://security.stackexchange.com/questions/231161/how-to-interpret-virustotal-virusscan-scan	https://security.stackexchange.com/questions/231161/how-to-interpret-virustotal-virusscan-scan
UNVERIFIED	403	https://security.stackexchange.com/questions/4122/question-of-importance-of-fips-in-security-implementations	https://security.stackexchange.com/questions/4122/question-of-importance-of-fips-in-security-implementations
UNVERIFIED	403	https://security.stackexchange.com/questions/93333/what-layer-is-tls	https://security.stackexchange.com/questions/93333/what-layer-is-tls
UNVERIFIED	403	https://securityheaders.com/	https://securityheaders.com/
UNVERIFIED	403	https://skillsmatter.com/skillscasts/13339-securing-and-integrating-legacy-applications-with-kubernetes-and-consul-connect	https://skillsmatter.com/skillscasts/13339-securing-and-integrating-legacy-applications-with-kubernetes-and-consul-connect
UNVERIFIED	403	https://stackoverflow.com/questions/10205192/x-frame-options-allow-from-multiple-domains	https://stackoverflow.com/questions/10205192/x-frame-options-allow-from-multiple-domains
UNVERIFIED	403	https://stackoverflow.com/questions/17448061/how-many-system-resources-will-be-held-for-keeping-1-000-000-websocket-open	https://stackoverflow.com/questions/17448061/how-many-system-resources-will-be-held-for-keeping-1-000-000-websocket-open
UNVERIFIED	403	https://stackoverflow.com/questions/19652709/http-error-503-the-service-is-unavailable-app-pool-stops-on-accessing-website	https://stackoverflow.com/questions/19652709/http-error-503-the-service-is-unavailable-app-pool-stops-on-accessing-website
UNVERIFIED	403	https://stackoverflow.com/questions/20035101/why-doesn-t-postman-get-a-no-access-control-allow-origin-header-is-present-on	https://stackoverflow.com/questions/20035101/why-doesn-t-postman-get-a-no-access-control-allow-origin-header-is-present-on
UNVERIFIED	403	https://stackoverflow.com/questions/25953891/why-do-we-need-service-bus-frameworks-like-nservice-bus-masstransit-on-top-of-me	https://stackoverflow.com/questions/25953891/why-do-we-need-service-bus-frameworks-like-nservice-bus-masstransit-on-top-of-me
UNVERIFIED	403	https://stackoverflow.com/questions/28170913/where-does-visual-studio-keep-its-own-copy-of-nuget-exe	https://stackoverflow.com/questions/28170913/where-does-visual-studio-keep-its-own-copy-of-nuget-exe
UNVERIFIED	403	https://stackoverflow.com/questions/28794123/ack-or-nack-in-rabbitmq	https://stackoverflow.com/questions/28794123/ack-or-nack-in-rabbitmq
UNVERIFIED	403	https://stackoverflow.com/questions/2953081/how-can-i-write-a-heredoc-to-a-file-in-bash-script	https://stackoverflow.com/questions/2953081/how-can-i-write-a-heredoc-to-a-file-in-bash-script
UNVERIFIED	403	https://stackoverflow.com/questions/39060208/authorization-check-for-http-caches	https://stackoverflow.com/questions/39060208/authorization-check-for-http-caches
UNVERIFIED	403	https://stackoverflow.com/questions/42151544/is-there-any-reason-to-use-rabbitmq-over-kafka	https://stackoverflow.com/questions/42151544/is-there-any-reason-to-use-rabbitmq-over-kafka
UNVERIFIED	403	https://stackoverflow.com/questions/46151707/is-there-a-difference-between-tcp-and-unix-socket	https://stackoverflow.com/questions/46151707/is-there-a-difference-between-tcp-and-unix-socket
UNVERIFIED	403	https://stackoverflow.com/questions/51304726/http-error-502-5-process-failure-in-asp-net-core-2-1-application	https://stackoverflow.com/questions/51304726/http-error-502-5-process-failure-in-asp-net-core-2-1-application
UNVERIFIED	403	https://stackoverflow.com/questions/54940099/confusion-regarding-bidirectional-and-full-duplex-in-articles-about-http-2	https://stackoverflow.com/questions/54940099/confusion-regarding-bidirectional-and-full-duplex-in-articles-about-http-2
UNVERIFIED	403	https://stackoverflow.com/questions/60084611/how-best-to-handle-multiple-tfvars-files-that-use-common-tf-files	https://stackoverflow.com/questions/60084611/how-best-to-handle-multiple-tfvars-files-that-use-common-tf-files
UNVERIFIED	403	https://stackoverflow.com/questions/939040/when-will-c-sharp-aes-algorithm-be-fips-compliant#:~:text=RijndaelManaged%20implements%20the%20full%20Rijnadael,size%20other%20than%20128%20bits	https://stackoverflow.com/questions/939040/when-will-c-sharp-aes-algorithm-be-fips-compliant#:~:text=RijndaelManaged%20implements%20the%20full%20Rijnadael,size%20other%20than%20128%20bits
UNVERIFIED	403	https://superuser.com/questions/421997/what-is-a-ssh-key-fingerprint-and-how-is-it-generated	https://superuser.com/questions/421997/what-is-a-ssh-key-fingerprint-and-how-is-it-generated
UNVERIFIED	403	https://support.virustotal.com/hc/en-us/articles/115002126889-How-it-works	https://support.virustotal.com/hc/en-us/articles/115002126889-How-it-works
UNVERIFIED	403	https://support.virustotal.com/hc/en-us/articles/360001315437	https://support.virustotal.com/hc/en-us/articles/360001315437
UNVERIFIED	403	https://www.beyondtrust.com/blog/entry/the-retina-protection-agent/	https://www.beyondtrust.com/blog/entry/the-retina-protection-agent/
UNVERIFIED	403	https://www.beyondtrust.com/password-safe/features/discovery	https://www.beyondtrust.com/password-safe/features/discovery
UNVERIFIED	403	https://www.beyondtrust.com/privileged-identity/features/discovery-pi	https://www.beyondtrust.com/privileged-identity/features/discovery-pi
UNVERIFIED	403	https://www.beyondtrust.com/resources/glossary/endpoint-security	https://www.beyondtrust.com/resources/glossary/endpoint-security
UNVERIFIED	403	https://www.beyondtrust.com/vulnerability-management	https://www.beyondtrust.com/vulnerability-management
UNVERIFIED	403	https://www.bloomberg.com/professional/tech-decoded/	https://www.bloomberg.com/professional/tech-decoded/
UNVERIFIED	403	https://www.cloudflare.com/en-gb/learning/ddos/ntp-amplification-ddos-attack	https://www.cloudflare.com/en-gb/learning/ddos/ntp-amplification-ddos-attack
UNVERIFIED	403	https://www.gartner.com/reviews/market/application-performance-monitoring	https://www.gartner.com/reviews/market/application-performance-monitoring
UNVERIFIED	403	https://www.howtoforge.com/tutorial/how-to-setup-haproxy-as-load-balancer-for-nginx-on-centos-7/	https://www.howtoforge.com/tutorial/how-to-setup-haproxy-as-load-balancer-for-nginx-on-centos-7/
UNVERIFIED	403	https://www.iplocation.net/subnet-mask	https://www.iplocation.net/subnet-mask
UNVERIFIED	403	https://www.n-able.com/blog/siem-vs-log-management	https://www.n-able.com/blog/siem-vs-log-management
UNVERIFIED	403	https://www.namecheap.com/	https://www.namecheap.com/
UNVERIFIED	403	https://www.openbugbounty.org	https://www.openbugbounty.org/
UNVERIFIED	403	https://www.oreilly.com/library/view/devopssec/9781491971413/ch04.html	https://www.oreilly.com/library/view/devopssec/9781491971413/ch04.html
UNVERIFIED	403	https://www.quora.com/What-is-the-difference-between-setting-your-DNS-choice-on-your-Windows-compare-to-setting-it-on-your-router	https://www.quora.com/What-is-the-difference-between-setting-your-DNS-choice-on-your-Windows-compare-to-setting-it-on-your-router
UNVERIFIED	403	https://www.thesslstore.com/blog/wide-world-pki/	https://www.thesslstore.com/blog/wide-world-pki/
UNVERIFIED	403	https://www.timr.co/server-side-rendering-is-a-thiel-truth/	https://www.timr.co/server-side-rendering-is-a-thiel-truth/
UNVERIFIED	403	https://www.tripwire.com/state-of-security/security-data-protection/security-controls/what-is-asset-discovery	https://www.tripwire.com/state-of-security/security-data-protection/security-controls/what-is-asset-discovery
UNVERIFIED	403	https://www.w3.org/Protocols/rfc2616/rfc2616-sec8.html	https://www.w3.org/Protocols/rfc2616/rfc2616-sec8.html
UNVERIFIED	429	https://www.hashicorp.com/resources/what-is-a-service-mesh	https://www.hashicorp.com/resources/what-is-a-service-mesh
